gene,SAMPLE-34e36c5516cf,SAMPLE-44c82afc268c,SAMPLE-a8bec044aa17,SAMPLE-6ccd06c6ddd1,SAMPLE-4f6b1e023ad8,SAMPLE-276cbeb098f2,SAMPLE-4448efe45ca1,SAMPLE-2aeed4d7e011,SAMPLE-7eafced75c25,SAMPLE-739f6ec467bb,SAMPLE-f3cfe912cdff,SAMPLE-74fb0af70a31,SAMPLE-4d1c5c08726c,SAMPLE-663916302d93,SAMPLE-c8c0f7ac8f2a,SAMPLE-d0bb49bf5c6e,SAMPLE-2e57712c96dc,SAMPLE-62848f888710,SAMPLE-a02f46b13fac,SAMPLE-36e66d7e9003,SAMPLE-9ed7ef225bba,SAMPLE-b5831b2ff692,SAMPLE-1ce1550aa5b4,SAMPLE-9d18cb88259f,SAMPLE-a1fb0630d61c,SAMPLE-b5d95f7470f7,SAMPLE-51cc420890bf,SAMPLE-5aaeed39b6bf,SAMPLE-e97ffee20107,SAMPLE-e1f61692c2a8,SAMPLE-c9da99fb6501,SAMPLE-9e9263e0d6c8,SAMPLE-50ae43e7cf66,SAMPLE-be9300d375f6,SAMPLE-1add222420f8,SAMPLE-c37a273288a4,SAMPLE-e0bbdc224d28,SAMPLE-7e470c5e12ac,SAMPLE-00ded03cc72a,SAMPLE-2e394f45066d,SAMPLE-de127774f5a5,SAMPLE-98f27e5b90c3,SAMPLE-58ec13f049ae,SAMPLE-420bca99f765,SAMPLE-efe2c0d21ca6,SAMPLE-f05a158594c2,SAMPLE-65e08fcdf3a3,SAMPLE-b79c70d51e99,SAMPLE-d41b64246d92,SAMPLE-b120dd62e559,SAMPLE-aae2080ecc48,SAMPLE-7b1d059a584e,SAMPLE-8c02f740b6b7,SAMPLE-8c7e8bf9714d,SAMPLE-4920daf4c8fe,SAMPLE-aa5ebf5226f4,SAMPLE-f6ed2a983fc0,SAMPLE-4f73297ec52b,SAMPLE-959e7cfc6fd8,SAMPLE-a8cc45bbfdcf,SAMPLE-6d228fef1362,SAMPLE-38648207b41a,SAMPLE-a284d62cfd19,SAMPLE-0fa86389848f,SAMPLE-f6218aaf4c65,SAMPLE-1242bce71831,SAMPLE-4a23333fec79,SAMPLE-467bb4b64805,SAMPLE-0c618387e951,SAMPLE-41e70e1af49a,SAMPLE-2c2830d5636b,SAMPLE-217fa1a0d999,SAMPLE-92c343e5b04c,SAMPLE-201b5c581ec3,SAMPLE-1e7d90a7a603,SAMPLE-7b8c1aae124b,SAMPLE-b9c0fcb83738,SAMPLE-6fea9e753144,SAMPLE-a64a3dca91ff,SAMPLE-5929812ed347,SAMPLE-2283e2ec2050,SAMPLE-7f45eebeaf9d,SAMPLE-064b4f60ea2a,SAMPLE-ce1233a33142,SAMPLE-768a5cc546d7,SAMPLE-3a24ba34481d,SAMPLE-e592dbb05fb7,SAMPLE-ce45ea7bf1f9,SAMPLE-4b06785be667,SAMPLE-5ad5f56d9b80,SAMPLE-1ff0b77a84f6,SAMPLE-bb11ca8084e4,SAMPLE-35c384cee959,SAMPLE-be05c20f60dc,SAMPLE-038d7db51f2c,SAMPLE-af6b22336187,SAMPLE-2a4c4800d5f7,SAMPLE-9a6babc1e656,SAMPLE-167dba8f5c22,SAMPLE-aa95fa36fc27,SAMPLE-d2188a8eb04d,SAMPLE-791ccc29528b,SAMPLE-c657e0e0ae6b,SAMPLE-5693e2190e6d,SAMPLE-dc8313b3755a,SAMPLE-546ca67eee36,SAMPLE-2024c90af2e2,SAMPLE-75bd2485cb7e,SAMPLE-16f91df689e2,SAMPLE-c521ac798e63,SAMPLE-d2ddd6dbeb4b,SAMPLE-dcb869c2667b,SAMPLE-586259880b46,SAMPLE-2e6e5201845b,SAMPLE-8ad57e1cad96,SAMPLE-6264e2c7b7df,SAMPLE-368da08f22a7,SAMPLE-675f32ee3b10,SAMPLE-25e2f28f6a9b,SAMPLE-c86111b52366,SAMPLE-922d97d6f8e7,SAMPLE-809c3b5042d2,SAMPLE-bb69efa665ce,SAMPLE-5d8fb006c9dc,SAMPLE-a0187b676819,SAMPLE-b80d019c9afa,SAMPLE-b8ba6493b19e,SAMPLE-d9860bb0aedf,SAMPLE-ad398afe4f7e,SAMPLE-500ff0a2dd4e,SAMPLE-c7d3b88e9dff,SAMPLE-b1ec5c332138,SAMPLE-7a30004509bf,SAMPLE-ea5e65c1e14a,SAMPLE-add7669aff97,SAMPLE-fb7a81435665,SAMPLE-7214337a3017,SAMPLE-766a5afd75b0,SAMPLE-511ed443d20b,SAMPLE-88dc3e3cd88e,SAMPLE-c83a0376f0bc,SAMPLE-a0ee035d153f,SAMPLE-572f429977e0,SAMPLE-c7b2a0252418,SAMPLE-890bc0ed3104,SAMPLE-65a477fd7268,SAMPLE-8a3a11659c89,SAMPLE-7fc554d56872,SAMPLE-c0b02aefc1cf,SAMPLE-c5f2dbcb899f,SAMPLE-04066bea96c9,SAMPLE-2b53e0f698c2,SAMPLE-6e90eb401997,SAMPLE-61ba07558906,SAMPLE-c0caa1416998,SAMPLE-1c2d52a2e25b,SAMPLE-271ebbdea32a,SAMPLE-9f9d0e1da7ce,SAMPLE-eb0727d6a2c9,SAMPLE-a83552a0bd26,SAMPLE-a3ca8ed856be,SAMPLE-3ec4ff388069,SAMPLE-96a1e58eaee0,SAMPLE-49b40df33277,SAMPLE-2869fcd5bcc5,SAMPLE-3f163caeb8af,SAMPLE-ba842a048d02,SAMPLE-1522e4f078d8,SAMPLE-1241a035d01e,SAMPLE-68ef6a02f2db,SAMPLE-79b1fa69a8b8,SAMPLE-9fbb76fe88e3,SAMPLE-674f31d72035,SAMPLE-7319c0e0827d,SAMPLE-1fb7aa90c731,SAMPLE-8948cba6d443,SAMPLE-c7c6b1d91b1c,SAMPLE-1d8e26709597,SAMPLE-fdecd9000cbd,SAMPLE-0c16eb24aa00,SAMPLE-d3dfb4bcc2a3,SAMPLE-43b78a7a84ae,SAMPLE-14e17a8c33b9,SAMPLE-e95813c8875d,SAMPLE-7227de265c04,SAMPLE-abeaa726221b,SAMPLE-b85ea46acb19,SAMPLE-3ffeb6c5a90e,SAMPLE-25cfac977d33,SAMPLE-6195a959e01c,SAMPLE-1e2b78abd9c1,SAMPLE-b4ecd54f77f9,SAMPLE-267e92a7d981,SAMPLE-2dee1fa5a8a4,SAMPLE-25bbeac4d27f,SAMPLE-61701330a44d,SAMPLE-b31d4091e130,SAMPLE-673d301c6984,SAMPLE-1111d0d92f79,SAMPLE-0f43fac651f4,SAMPLE-3f591717725d,SAMPLE-ea42e2269caf,SAMPLE-ba06d2e7bb29,SAMPLE-7a79e6136d04,SAMPLE-da2fc950e472,SAMPLE-fd3470600d04,SAMPLE-3c4822751424,SAMPLE-48bbb6280b6e,SAMPLE-f51d8d7c7e17,SAMPLE-36ebcec8d9da,SAMPLE-359db6d1e092,SAMPLE-788e3633ff9f,SAMPLE-30321e556f9b,SAMPLE-b2f07de6cf4d,SAMPLE-0d51e2a65ae7,SAMPLE-ad462ab7034d,SAMPLE-8f4e1be99a21,SAMPLE-f87d2ace0688,SAMPLE-26bec8e6a9ae,SAMPLE-d24611df8137,SAMPLE-411c48a829bf,SAMPLE-c223cd6e423c,SAMPLE-fffc17e55bc0,SAMPLE-7ba3bcd77f6a,SAMPLE-d5c37414562c,SAMPLE-7781657a953e,SAMPLE-b3731d868b69,SAMPLE-e91decd6dd89,SAMPLE-0fe173ef5249,SAMPLE-0baa1ce1bf5a,SAMPLE-9577b19bfc01,SAMPLE-ed86bc6d2f29,SAMPLE-a0fc0d0a6a0f,SAMPLE-a268075d21c5,SAMPLE-82bd96863dff,SAMPLE-c3d07227a465,SAMPLE-cfdbb017e1f0,SAMPLE-c93ff3ec4e88,SAMPLE-c91402877bfd,SAMPLE-bab583c10f2b,SAMPLE-1b6e7cab5999,SAMPLE-807ec64d7e48,SAMPLE-d8337969e29e,SAMPLE-5dee8685b36f,SAMPLE-93fdee8840da,SAMPLE-ccc597e1ab3f,SAMPLE-f7c5607bab9a,SAMPLE-7f5b49c68dfe,SAMPLE-a049983ce924,SAMPLE-6dac07e6fdcf,SAMPLE-97aee14b90ae,SAMPLE-2065c5881042,SAMPLE-e3815d7db488,SAMPLE-abf953cac69a,SAMPLE-f75e6733d1e6,SAMPLE-bdd278392815,SAMPLE-f8de5e8e7479,SAMPLE-62756ba04c9a,SAMPLE-28bd16aa5a7a,SAMPLE-df7a93257b67,SAMPLE-7bd449ae436b,SAMPLE-2ce22f3bcd3a,SAMPLE-8893981ae507,SAMPLE-faf546a0e756,SAMPLE-ce22665cf7a6,SAMPLE-bd8d33c8ce51,SAMPLE-8ab283b0f4cc,SAMPLE-e19272dc7416,SAMPLE-f19439e89801,SAMPLE-e32c2d023319,SAMPLE-74d6bd0f6236
A1BG,2.2470744373872,2.99008981227658,1.96150849884943,2.3649630836179,2.48510353094148,1.5442819082379,1.91156733599763,2.64937844821453,2.82167828052038,2.14146247807825,2.89313579482172,2.09321025935819,0.794342090451675,1.94313496535097,1.03304055944997,1.30528575074005,3.16356253564055,2.0439383965741,1.48099709994983,1.0203043729983,2.10972098143823,0.375409642802593,1.66396350372618,2.98103843687836,1.48121933852522,1.55673769290588,1.95122943205745,1.87608216888386,2.35617822903254,1.96345711421623,2.55516005605643,6.56153067461592,5.64778096849156,2.56281487744955,3.29124851002977,1.96371425289026,2.20973295209483,2.90635070390893,0.698195156076573,2.87434792986198,1.8349748215975,2.01620571847463,2.34954296954135,1.42562875374292,2.45329458766262,1.78873894885084,1.19918000549962,3.01858215212528,1.20178405544847,1.2235443548312,2.42499583950168,1.12002187496764,2.27434337208268,1.59779624727682,1.22354793786227,3.79455057793138,1.42641524010908,4.37884630426322,2.55976987720375,2.09440528447989,1.89914157707493,2.89587510437959,2.39852422022958,2.34170509335605,3.19023656085426,2.49392011116823,2.93532590603952,2.49458678357599,2.61079437612448,2.85499288573055,2.37047743661228,6.92775643338071,2.49460648581067,2.61007251358671,2.42349383143759,3.3411263873428,2.24663645957385,0.682357635099176,1.80744673244765,3.30600655128555,0.204185868399089,3.03901694870264,2.42839302970412,2.40930742645407,2.76657461084092,2.82764357297483,3.29169524088474,4.37849122757504,1.84153197666771,2.13292080041563,2.22552716208884,2.19438181368956,1.29369183082291,8.15375891857669,1.72913287317561,3.05445072349591,1.64452518185162,2.21215920709581,2.39855724232323,2.89319765904183,1.63363249862834,3.22363033094735,2.78889047509387,1.42144237537384,2.26381850038241,1.88301662941043,2.54775593807035,2.61411829680322,3.13931479880176,2.11393676082363,1.17225200748247,2.47081290803414,1.85056974028251,2.32064054687532,1.32560010899266,2.53488537580773,1.6299088468552,2.48658417662267,1.51406917985918,2.76908937748253,2.35100304518443,2.88966329877778,0.438121657302148,1.03001886319833,2.69025406208972,2.75157115561281,2.47527187403262,1.9593865806459,2.41600127050195,1.62625909390104,2.13232476538416,2.61492301802141,2.65900517073304,1.90681655955141,3.11490328527856,2.21768713827178,2.18459809902227,2.26748143580227,2.9780144460927,1.48483019141037,2.47220916694019,2.43301486153786,2.3046256619201,1.23458858738442,1.95432892139864,1.48134906308402,3.09576069819344,1.5787624748765,2.61622005824404,2.06690022764633,1.25878205970775,2.34055975242507,1.95101279949754,1.77335844302659,2.38316572389923,2.27679463313332,2.47342858162125,1.76355026849393,2.62087470952444,1.14860349844479,0.971138653536104,0.837612494448802,2.43059763874187,1.84029515392566,1.3921147917604,2.36524813212668,1.78554818914639,1.34540606973583,1.60523471328785,1.88859791454938,2.05443091052211,3.09805968445738,1.9122954547152,1.13123258063826,0.265793884138438,4.02938327212179,2.76595723254718,0.737209241258733,2.96479023660258,2.69766055594749,2.84789619637955,2.78297341621982,1.09428937284231,1.84347347650541,2.1034481177692,2.79746544504443,2.12250426048468,0.721886347353277,0.264785132890227,2.11492014743594,2.31876385285735,2.21057629137957,2.69347224764563,2.44821866563316,1.72121609032475,2.07299687409311,2.36014929922231,2.33309355803277,2.42949205203174,2.0233638632826,1.9036668715346,2.94098463900734,1.33285611316337,1.85753427999016,2.55772514106569,1.49702075332977,3.76387993944199,2.18763122563467,2.50507109397418,0,1.38969927570742,2.4567969249698,2.77118964530407,2.27966576986708,2.5529531724104,2.94243911876849,2.66727481220059,1.21711934575281,1.68024441490146,1.93517611190716,3.39551649223955,1.91653563223112,3.15381138352757,2.40305913094493,0.375665890389737,1.77462160426809,2.58660188908158,2.26501916209352,2.2252064263366,2.29123141975707,2.77625623644499,4.477558367682,2.48348114752506,2.98031607147722,2.05243581843627,1.90845480322269,1.03647393366133,1.65111786150744,2.8776210530157,1.21033119545514,2.72583573459508,2.45871003677594,3.38282531017599,2.40205317291943,2.10788886433509,1.13419654473565,2.08577126165199,0,1.8594701625133,0.924228883508407,2.16053395818194,2.57978645980192,1.24905573986091,2.24234079441828,2.09438503778301,1.69382970046016,1.43723943884411,1.43332235250308,0,2.06318439566413,1.60520394469011,1.25649872795163,3.34734990620489,1.06818348850092,0.776538529590801,0.869374548753462,2.14612573903596,1.52209347284912,2.574877813824,2.12606592682953,0.145879717680604
A1CF,0,0,0,0,0,0.0215631304403904,0,0.0339714984814825,0.0371944560503331,2.02259151636322,0,0,0.0315584641632367,0,0.0299961050190496,0,0,0,0,0,0,0,0,0,0.127654857833469,0.202128313021325,0.0609820084051734,0,0,0,0,5.93728086994451,6.25229733454812,0.0733798750266394,0.072089428890445,0,0,3.74677498731787,0.0456379437118005,0,0,0.0772840234111461,0.0320071097730021,0.0433076318428291,1.96496815248474,0,0,0,0,0,0.0296763908590128,0.0430575661363875,0,0,0.11160406618525,0,3.01950219053477,4.98943416778564,0,0,0.150076247456277,1.7666190459788,1.04562873645345,0.0250395176309345,0,0,1.79973888132491,0,0,0,0.0276175527920379,6.1248514854175,2.7092563506828,0,0,0,0,0,2.68615260978098,0,0.0391028214532305,0.0291129792938567,0,0,0,0.50986505311448,3.16940174724996,2.79246079520751,0.0931624466444024,0,0.0646396330373745,0.301823611231737,0.0530738055036771,7.91524641734637,0,0.0426630295051793,0,0.058026218582132,0.0314813521552201,0,0.0762706219176408,0,0,0,1.0635044704014,0.0445258668516442,0,0,0,0.0357139877566186,0.476440062661731,0.0334536594590552,0,0,0,0,0,0,0,0,0,0.0221151679440071,0,0,0.0379292181832195,0,0.070320604254461,0,0,0,0,0.0653179435215441,0.0566215403247928,0,0.180347663807233,0,0,0,0,0.0385616111793332,0,0,0.0946638802432229,0,0,0,0.239003134654912,0.0233584769598477,0,0,0,0,0,0,0,2.14689911476096,0,0,0,0,0.035332934243176,0,0,0.0185703297513401,1.98435840621315,0.0233445009310952,2.90684172885057,0,0.0277571040199013,0.0408650754804771,0,0,0,0.182000554162448,2.13745294120758,0,0,0,0,0,0,0,6.01193886151712,0,5.86364872055728,0.0373608763186641,0.0279391580026378,0,0,0.0549778958673409,0.119693453079556,0.0184311449943354,0.0313404287736923,0,0.0586794663512192,0,0.192904209517444,0.0346789794838284,0,0.0292990130797268,0,0.288890609011588,0,0,0,0.0518536403845254,0,0.0752510506234358,0,0,0,0,0.0607082679028006,0.0971740327071693,0.0233149124535461,0.04699083683922,3.53632732130656,0.0633502917462282,0,0.0316636368174748,2.8599762969167,0,0.264325427565081,0.0751302638350338,0,2.14658569489729,0.170777962112636,0,0,0,0,3.9839495973486,4.84462642306791,0,0,0,0,0,0,0.030809659487045,0,0,1.97011581077839,0,0,0,0,0,0.150072972186576,0,0,0,0,0,0,0.0520258141088809,0,0,0,0,0,0,0,0.035307691055955,0,0,0.260795699972384,0,0,0,0.054441832746453
A2M,8.27500905423709,8.45576340329242,7.16158150463128,7.40292225918339,7.67801891823808,8.31138790175057,6.78770868815595,7.24008064548902,7.57071882834796,6.61928668753674,7.29712283256265,5.77054591957235,7.45246470087945,7.21198470643681,8.56933950242845,6.27814267439425,7.41091133988309,9.24683501036144,5.54550516403435,5.71347667041457,8.11798688653701,6.75597109817672,3.35785137429451,7.1326201150476,7.17314525078093,6.97894303113906,7.15051216584033,5.56692592133907,7.64725626684996,8.00891990716713,8.27756280979769,8.78253213781709,8.25814492557337,7.20230923469027,4.95355874693347,8.0914484775366,7.1583430841106,7.70154033012989,2.56068087526406,8.00627690182923,7.77136637911871,8.77770301767846,7.94052517792967,7.99331107159922,5.58519832545498,8.06783326176054,8.66278172504462,6.30302553254046,8.12569749833024,7.58600139648387,7.28872279003177,8.36435879166003,7.33827410466231,8.54208065897561,8.05192541016205,6.01938586551711,8.0328937311153,8.40541730097043,4.04761041754277,8.97248611955987,8.30314310828333,8.48562804053521,6.75734342637428,8.04770875753089,8.24970996112542,5.8005318534679,5.85510567596367,8.90130301558972,6.33638107880748,6.78361536144112,6.456785190956,8.6561126264966,5.62106533471967,1.71167278050552,8.02384490438434,6.67871326750971,8.38919961513671,7.34351634720979,9.77593548056113,8.15648755443181,4.94392938860047,7.09231184731714,4.38605195802866,9.24321714199337,8.24661529712404,8.00831779367939,5.35822818433765,6.71076257726645,7.29060803913416,7.53596664701108,7.84441439625667,7.26721827097514,4.32327844637032,8.70428453091417,4.85946731639645,6.9764996855292,6.38794381828649,8.74364807710205,7.24980942844726,4.32391350164037,8.16669836773122,7.18299112090917,5.44417593351261,9.32569459489422,6.05106029594209,5.24659344808143,5.7896037103166,7.97110103072692,5.95525201300144,6.68183606398952,7.99609007681035,8.52995352358112,6.95749898980933,7.78253492483097,7.80900028884678,8.23050842139979,7.55662868432511,7.30795425011028,9.07843181397621,5.2047413862154,7.45551094215589,7.37585689705219,6.36169151544454,6.95887573820315,7.70512659382129,7.22747719846827,7.24584349347544,8.38896781530693,6.84013672612567,8.60724143172611,7.84570112455443,7.94463139939184,6.867755063287,7.41861751294631,7.12265552586252,6.93700848021641,7.55511818916494,6.96230467993569,7.95578145738966,6.71160168343943,7.33536917618454,8.47198367403042,7.79217516761673,8.23440048235408,7.5446898343346,7.5200366119374,7.65689237889473,8.32066079468515,7.3441624015672,6.69095615647703,6.90716107896289,6.88756248391236,7.38542325000713,4.03828502266712,8.22272306320746,6.04812317560588,6.8616152496861,5.10893121888606,7.43812049358858,6.58764424572834,2.14211713347893,5.42762343158825,6.77412733745385,7.99872900760144,7.48353810020177,6.82379289296756,8.55268979720923,7.98729183363166,7.25466281875145,6.71802714744133,7.03169201834807,7.03342430228339,4.94039690913483,7.9227079563072,5.90617618912327,6.16319698526709,7.07905965950517,8.13791394939419,6.82084737416136,6.73051403067737,5.45752947641547,6.99821989040896,8.33768923479076,7.98294735245852,8.8897065633563,7.32384033468656,9.22719130000148,5.68958698338828,5.77000854104907,7.9921417070162,7.1924625301062,8.27696197110469,7.10618192028564,9.69889228204353,6.825365036835,7.08755148001271,4.56502848874801,5.13633267838153,6.73966149034837,6.97902922551155,7.84847029526719,7.56570335405946,3.51948960608415,7.21538918576856,2.19450962873676,5.13140726429382,7.35132818062354,5.98541040230074,7.40970881400466,4.67063112569542,9.32619258500644,6.99786657469103,7.43256212207939,7.93002461641395,8.83714770662055,8.27204608561642,7.23369152507237,7.58145406052246,6.88660320496034,8.29735594418461,6.62701744474931,3.53233028837381,3.04238844995649,8.46208169914458,7.15350135513887,7.54677173169623,4.26632091946156,8.52264698411861,7.49840862438819,7.30721585743331,6.85112039981749,6.92920475874574,8.93062343543566,7.94856311181267,7.19276033218509,7.34694103015965,4.10587753810807,8.97750166486388,6.7814503979378,8.34780888436529,7.03610148218305,7.41428160714878,6.98960957220038,7.28520788701097,8.24116330888005,7.54244951334139,7.38166329631205,6.07492290266677,3.11962469820457,6.54262771411911,7.52169938111728,6.22107516287682,7.99980124487479,6.29130628218237,7.99842868228165,8.42612671851166,8.31425758860535,7.66947750498913,4.74146423844051,8.18030181271069,7.57226681234809,8.76823794553044,5.99091029537026,7.72748384187396,6.53221895521781,4.09881829160977,7.9568602814691,7.88271956235777,8.93270010756531,8.73617802388146,4.78616467699647
A2ML1,0.0598033262309719,0.0761943607117515,0.194774984875664,0,0.385356981819692,0.0741036190302126,0.0561766200686242,1.90768021547072,0.296927063909624,0.0493647972817772,0.0437716713747098,0.198617882410803,0.301260529486969,1.06166649170749,0.102368853114223,0.283501837040338,0.422451618891467,0.474217807144354,0.120564577504712,1.13967082620956,0,0.129603508679908,0.0570656369847911,0.574880118104663,0,0,0,0.0981320237057775,5.07686483637925,0,0,0,0,0.630304518340934,0.489039746106583,0,0.184613131421502,0,0,0.0656763006732455,0.956237937216001,1.31772542420709,0.305163503369147,0,0.240628562327532,0,0,3.65064688043447,0,0.217116487615508,0.149408040198517,0,0.133690744585682,0.279366059377021,0.129396605002886,0.796489253162575,0,0,0,0,0,0.133601478434794,0,0,0,0.315222808074128,0,0.0822145878785902,0,0.950201538590293,0.139432398576285,0.0432775499871614,0,0,0.0918430832572158,2.06867717370515,0,0.106352319671519,0,0.044870655251672,0,0.0505698481243285,0.107027054870441,0.214672768316169,0.0344348277244009,0.0421890020881083,0,0.052487718716499,0.0818429561248382,0,0,1.5806007625917,0.177801705202097,0.146329012065022,0,0,0.0727651175025081,0,0.88703553375392,0,2.091516994558,0.274247854045265,0,0,0.0586192925731966,0.887707075792993,0,5.94489133979452,0.300519835693449,3.12431400872079,0,0.798246088338218,1.13135422779486,0.177238619929401,0.282787576543945,0,0,0.146069005195305,0.935935001416943,0,0.216797018122884,0,0,0,0,0.264844098625936,0,0.601917442834574,0,6.41230129385823,0.850164702635363,0.0573145793308375,0.189159843567578,0.24022173709352,0.0657186357804529,2.30261289855665,1.23003213613167,0.380299874995525,0.139058888688181,0,0,0.136714584439013,0,0.25119643907707,0.155318772054684,0.141493871405606,1.81661727147501,2.47779657978333,0,0.828633172700866,0,0.0445414293628841,0.183936310811674,0.0845858637256002,0,0.112483160573669,0.641581326675266,0,0.0513053952279126,0,0,0.20861089940214,0,1.3457971244804,0.150688321716129,0,0,0.20157671440231,0.385119638500783,0,0.169508057181796,2.23367520571146,0.265108629394422,0.304866163438781,0.173708924550544,0,0.636670701974176,0.0980263107418309,0.149861717263305,0.0628102901149494,0,0.192963491789636,0.257980024128448,1.07563255299952,0,0,1.70426350118513,0.442939725957638,2.30746147508838,6.07133229635632,0.381584459542192,0.0635060635252631,0,0,0.0514750613872878,1.69229801422527,0.187884436827279,0.11789883779021,0,0,1.20199439951795,0,0,0.90404154800706,0,0,0.0522080052796068,2.66475344490366,0.125060961387286,0,0,0,0,0.112754749397806,2.34402424783226,0,0.0462137240126427,1.34765730017732,0.384117432148833,0.626367805227192,0.680194567628729,0,0,0,0.0877487490889162,0.0601090577362866,0.0620996270704836,0.311236384217559,0,0,0,0,0,0.111995220452821,0,1.09495584700918,0,0.27952781709747,0,0.105075270301856,0.0558404179764823,0,0.346132360959674,0,0.335422888111721,0.0535160862854716,0,0,0.400264349653916,0,0,0.206151801949415,0,0.325257576258275,1.76204747693555,0.132763196425474,2.23139711833337,0.39368343177277,0.641420054245367,0,0.147504710796291,1.91370023010302,0.198600828908777,0,0,2.69855521659402,0.282997902707841,0.597517034599481,5.60530184593501,0.639210472171354,0
A3GALT2,0.536592229207432,0,1.19046293594634,1.16854785016224,0,0.356747795330021,0.883909099611065,0.529950365794081,0,0.637679291196969,0.988250480528886,0.477990425440821,0.270232446091875,0.48453546282122,0.257852136889317,0,0.930078101466323,0,0.549834073016573,0,0,0,0.280663399079752,0,0.281480918378983,0.552831499472112,0.487661506322516,0.247707967205829,0.247856508260176,0,0.282203421880067,0.363492593668566,0.791049726707993,0.313845414361115,0.308751325305512,1.01236272693311,0.195749991783182,0.483050059935534,0.201239606489869,0.580920190678138,0,0,0,1.940560939541,0.254856999698065,0,0.313141389583564,0.254429430400576,1.57036848899033,0,0.25530720046076,0,1.19661526624084,0.191756932419477,0.999206739431718,0.270736445649133,0,0.256955234014854,1.22230899384001,0,0,0.755820700634183,0.473797336438951,0.407252136338336,0.241735635741116,1.20150487573386,2.13961938902154,0.391906218275238,2.08869581487238,0.653032200640671,0.238824020673738,0.721010923883481,0.323910335581018,0.329444797552873,0.765292962184197,0,1.59772666277101,0,0,0.418230940372058,0,0.650426348002757,0,0.279161751473492,0,0.211569736070703,0.570717236249261,0,0.950113022155907,0,0,0,0.431946083756615,0,0,1.08288546117988,0,0,0,0.476288330387807,0.419136577176566,0.531809607307072,0.343595650966411,0.912996208575883,0,0.196584078965452,0.226490152832646,0.61156397397632,0.865336263456899,0.951483832912727,0,1.76709969703427,0.314687248130272,0.946860404134308,1.10605931974154,0,0.401170765664219,0.648117914195549,0,0.33871464151116,0,0.655852196577837,0,0,2.23941731084746,0.280370335894848,0.551168633060252,0,1.01000716664416,1.7840728342086,0.963058309975857,1.05557366902981,0.457169447015524,0.254428174542647,0,0.656479062469841,0,0.297879988899509,0,0.589438045686921,0,1.04132319754915,0,0.814953258217388,0.931689070567117,0,0.970140434829751,0,1.75503649242048,0,1.54517646153844,1.11652307849127,0.974538910257629,0.716148105807667,0.503383311933183,0.517622625037082,0.511807519397623,0.560083734906259,0.824363901238806,0.495397087047047,1.62222382375935,0.221087756715353,0.830305153103931,0,0.665402519359205,0.204077870229708,1.17239858463829,0.262476649265242,0.445618372441123,0,0.734301916243743,1.95402577392465,0.778884609982867,0,1.89692801165311,0,0.295282963042689,0.458614201284816,0.256055068051476,0,0.396409206048579,0.816977575790171,0,0,0.760261638571322,1.30230511061304,0,0.629015765748657,0,0,0,0.442855664463035,0.690363505384193,0.839798653931947,0.255001742614514,1.5309471583913,0.199205350139274,0.930904115254173,0.520437435212351,0.46697268843834,0.547444206149898,0,0,0.527744230367942,0,0,0.477449777656815,1.31976731821019,0.401979884751345,0.231709022938966,0,1.74224404745906,1.13814607595585,0.282545105902013,0.684390273455314,0.20688790493501,1.14587662291184,0,0.549834657928901,1.16361290332405,0,0.737547606905456,0.643290770586657,0.32073376362349,0.415523031395539,2.58058728556245,0,1.0481901587923,1.13590085322141,1.43279424638393,0,0.245594660953722,0,0.717624977874916,0,0.682285622454492,0.437117438362887,0.463955356596302,0.274487945067705,0,0.505998042807971,0.233949417355978,0,2.09727322815684,0,0.264411816448574,0,0,0.422640691963924,1.3282812220016,0.572271128659023,0.268310286465372,1.53418811605059,0.742444923711443,0.229014206079605,0.227762484275271,0,0,0,0.290389563433561,0,0.553525302196791,1.74699925601661,2.08095486314346,0.782513520597997,0,0,0.506058207103767,0,0,0
A4GALT,3.78798594679392,3.56633817605832,2.82150220869324,4.47517304047603,2.87641192285728,3.11888908393711,3.10999444848966,4.98148818842971,2.97599485103318,5.05443064474443,5.23095967063306,4.31597454365313,3.14869748813952,3.89916044465851,5.12100335520952,2.48359140151656,4.11385052970321,3.8174421681263,2.06282655928437,1.24213357910303,4.79357658312223,4.25327637094547,0.699664355634955,3.03199363735615,2.65015897690978,3.56765088185739,2.03174471538887,3.24443571825236,4.68198241616019,3.8196719826802,3.75149043503281,3.01406092237288,2.11616671330877,3.53530640073059,3.75313412421635,3.65210726589513,4.71918734786719,4.45743399787852,2.10223997093837,4.23310170098185,6.43730809142464,5.67577029693093,4.76095996722855,5.00506402027239,4.32279929345313,4.16539089910837,4.3873214297092,5.25678132696244,4.94509424554492,3.34874944076804,3.27507137647623,4.36216691571775,3.62900941239202,5.40103064821404,3.71486338060643,5.67384833582058,4.57131091163922,2.50958563299204,0.967959527324994,4.47318196127676,4.06062271943152,2.68524126249267,3.62982764132533,4.88947248456248,3.43902288984988,2.65272473295272,1.81783393366355,3.87494791210356,1.55078741662674,2.08687013046741,4.37902216235814,2.88614386403346,1.62768335147575,0.803673008704211,3.13275035647069,3.46710742265122,4.85569257390635,2.69919244517604,3.60806821151944,3.62166324716273,3.21532023049177,4.94849368631113,2.24603012736627,3.18045091336775,2.75808502863821,3.83915393041057,3.91675566324965,2.20245195665297,3.64151209151376,2.71391630978726,2.99998715925833,5.56669641991099,1.0103736177045,1.84594203747026,4.23944736013087,3.47224265103378,4.78246815707986,3.56949282912637,3.5227985724529,2.08679218536438,3.06148532477554,3.55257555783004,3.94509914139713,3.21486616761846,1.07015397232906,4.46543627121262,2.06206561721678,4.29500318254594,3.34006879167545,4.8872460042841,4.38624326782938,3.67740452454644,3.63635775293813,4.37427002767406,5.09632158523484,4.75236492173234,4.49581088607984,3.07999946232809,5.3700627777769,3.32325659777061,2.73196531433102,2.8859712320634,4.03342495504546,4.07377486927811,3.60006869974742,2.53832993194828,4.56666874465912,4.43254061140191,2.96708092023512,4.21464712207257,5.58516447321813,4.37797435889963,4.88558141082483,2.91952062289172,2.66801595890918,5.4110128031126,2.65231797035016,3.56737303349795,5.02856888538355,3.4111706570821,3.07345260857164,4.2320398590221,4.44088871584231,3.40076924437495,4.94323921378752,5.34015342245293,5.55117774848253,4.19843172440394,4.25626378040993,3.33465072065436,3.76199222924734,2.13592602026683,4.74103217698765,1.49755094181314,5.24173042156064,2.07908658909281,4.56255466785478,1.05878797794484,2.53605512250732,4.5517313620267,0.897585347706193,1.73889414335156,1.99569016552269,3.31732571464622,3.10825204274726,5.00173306320077,4.92835809204191,5.8701954803511,3.64319725126571,4.80159364981338,2.15181541549774,4.64121137981188,3.47305146564173,3.2040909958962,3.4457907853319,2.61794960604534,4.72576177785015,3.61638404020729,3.18000968859288,2.84699717315114,2.26526863137012,3.1927213612331,5.00042660963945,4.2057962840505,3.60145075264069,3.62798646598978,5.96012081936772,4.73550020660004,3.03216134253105,5.28559124365914,3.95387556041512,3.50997540525966,4.88027691581634,5.0574050080072,2.63633800012807,4.09929940759911,3.74606530001986,3.15433832296476,3.08483008902278,2.76382735763336,3.98633786977565,2.93894614060998,3.38854218812744,3.23804859922648,1.58945208508043,3.40923336364559,2.34245809999606,3.86425372551376,4.11064979133693,2.49298379705574,3.77421406680951,4.12488919189999,4.5507746928525,5.1457085420713,4.3904480605935,4.47600767635027,3.59427126557792,2.50772139561365,3.05643326634691,3.38401418147494,3.79649601178843,4.51069448692851,1.16618840270277,4.60647379116704,4.8085365262496,3.27044857018506,4.85277239226771,4.84132503548184,3.08031700364781,3.96509704777418,2.68144329250663,3.34608869700193,3.88063851504781,4.88899257439958,2.5817872267274,4.09315543877221,4.42604786749232,4.79966546924129,3.494005827983,3.4396542852542,3.76108860908908,3.39259016652672,5.14378204234459,3.2108529401797,4.95780124040124,4.26970964289082,4.7406522877313,2.38902711939115,4.59551226572034,3.51471209605474,4.82727382289167,2.62679445657541,5.69796928878399,3.59497980906697,4.87556525103822,3.43274292369688,3.57670894594952,3.76327836571503,5.0783439754116,3.47124066167446,3.31909950420979,5.32640665798557,3.24481710410676,3.69784986481882,5.42481910758769,2.81465908433956,3.20747394389678,4.67295096882855,5.37820920346936,4.08873593191081,3.21011686371309
A4GNT,0,0,0,0.194291244277153,0,0,0.315171200961538,0,0,0,0.250261957749246,0.295015532919221,0,0,0,0,0.143519587394157,0.127023730984056,0.342528672716156,0,0,0,0,0.348984225702191,0.169216687436643,0,0,0,0,0,0,0,0.276121060379826,0.356991087003567,0,0,0,0.427163179487386,0,0,0.336627375985449,0,0,0,0.41665630340295,0.261751346665442,0.189066314250746,0,0,0.262711601066421,0,0.407091415194695,0,0,0,0,0,0,0,0,0,1.95744881363893,0,0,0,0.201837806251148,0,0.124524249210908,0,0.150854789884809,0.272603048137066,0,0,0.103116069891073,0,0,0,0,0,0,0,0.150144605919953,0.211435354955945,0,0,0,0,0,0.621406394565183,0,0.167716152207191,0,0,0.495958186729453,0.459645939394643,0.112025549638674,0.562808414756115,0.412762479330537,0.161824583743146,0.104761376204683,0.256694275355166,0,0,0.140131597799325,0.327679351835654,0.224842590585089,0.258676057506111,0.383988447555087,0,0.490134967228855,0,0.589664822363407,0,0.342475582637806,0,0.148521950865426,0,0,0.263674009158041,0,0.16945605417763,0,0,0,0,0.455988785702337,0,0,0,0,0,0.458178419721059,0.281396152665062,0,0,0,0.156952729036675,0.179477847853014,0,0.369061037371084,0.167181938908326,0,0,0,0,0,0.635962914861596,0,0.169586380470533,0,0,0.366486005649276,0.188220469285475,0,0.445489762997247,0,0,0,0.152254244059607,0,0.61693044010392,0,0,0,0,0,0,0.428442645144811,0.143423798011576,0.388655984097191,0,0,0,0,0,0,0,0,0,0,0,0.286878051779396,0,1.02606001677623,0.180896889229384,0,0,0.211439426673204,0,0,0,0.0965054227434944,0.161131704306104,0,0,0,0.118397870625532,0,0,0,0.34093530480369,0,0.295403088323428,0.5947931799975,0,0,0,0.365243989637519,0,0,0.395153150230223,0,0,0,0.233053864897935,0,0,0,0,0,0.158010865734028,0,0,0,0,0.335265370831643,0.62379333970447,0.318175047211954,0,0,0,0,0,0,0,0,0.140402182606768,0,0,0,0.570792425081691,0.384138756099866,0.187694856891647,0.324861279885214,0.156997631190114,0,0,0,0,0.149394808779133,0,0,0,0.175793501061445,0.136681708548172,0.135911005016102,0,0.499176185348929,0,0.174785553034601,0,0.18278344530326,0,0.180537068996603,0,0,0,0,0,0,0
AAAS,5.39850369238384,4.6887194206292,5.37298152783509,6.19365181910069,5.35038188756489,5.5739149418848,5.88404765556955,5.67686196512495,4.78834182868195,4.7823200287551,5.30812773465255,5.55951982352112,4.85465197645864,5.30327960937595,5.53623307768595,5.66775019655547,5.48938308847323,5.48706227639541,5.36421017445725,6.04495022530946,5.2188756375665,5.58823412289067,5.62717310694427,5.40597093373433,5.46854270265973,5.90922515382526,5.80050740149948,5.82745231630688,5.49663011225526,5.44982022906708,5.42958346459004,5.09462703932025,5.15626318533915,5.58090869855557,5.14059883590063,5.89587872779064,5.36500599998285,5.41423475723213,5.97425034431807,5.45785519366058,5.29958207750131,5.76255079610049,6.24459342485663,5.84785009664675,5.42029149028799,5.62218788372866,5.29822823519905,5.58132937500497,5.44783882594051,5.70191012839328,5.72300275107772,5.05796739729633,5.02964745379603,5.67973958561308,5.37097989394832,5.74027706418062,5.55753503361568,5.3796110139393,5.84359030760665,5.40088351017636,4.98959961768213,5.50581163646409,5.38560074872732,5.23614964416058,5.33927876518875,6.56785153231896,5.26274129899163,5.35931964010727,5.54335400216634,5.86799693166733,5.33699841536307,5.73274388411122,5.28261116205972,6.2128870072496,5.24067678528211,4.97351964829549,5.37455643936517,4.73683607033343,5.10798898096037,5.63095815475659,5.29647747458252,4.8164495232667,5.27054871718457,5.77670009956711,5.51150349887793,5.2006341137381,5.76476373317087,5.82931715167366,5.72246202798847,5.21760851930668,5.81793971945963,5.315624250635,4.31702132773695,5.05193308070756,5.69734378572714,5.56046986285516,5.41351787291471,5.17908881334881,5.67098431008841,5.15009991371222,5.7087504380912,5.22837379216811,5.5226899467027,5.68791805177929,5.66906556901549,5.15989305656206,5.22038524585513,5.47222424431172,5.81510056516083,5.64075266724012,5.71543846834535,5.8812595041998,5.70168057864024,6.11136130588462,5.227522562706,6.1772227853107,5.08080881738037,5.74659772188121,5.32385493604933,5.48725370553086,5.52598694426784,5.13666421166274,5.18571302761949,4.98739832757786,5.86292677834362,5.39382987702232,5.86123153631972,5.47744737577562,5.02549073211088,5.76936559905601,5.99325236681587,5.40539460401014,5.10139276358744,5.66907223706629,5.66767068505928,5.78943134427766,5.37045590407159,5.04520843726873,5.49898214052037,4.82639972589551,5.92390620430426,4.81936059899016,5.38971723087395,5.05120319004969,5.32895329927355,5.03018668649115,5.77352749815592,5.96502459285812,5.93518447817873,5.85647001508071,5.10878332907335,5.5132695139177,5.08556953084876,4.77700037904935,5.30680339697567,5.75186901570181,5.89198683068812,5.61828305531543,5.64286296849069,5.76265972337281,6.01252656423316,6.02330790211967,5.43299116213156,6.17895001102753,5.43239124662011,6.01271879217269,5.64462580153566,5.2278963413513,5.90196717832052,5.36876874157678,5.30955476096424,5.34694213491712,5.02832704459136,4.22783433643935,4.15051146959416,5.49982267345742,5.7282863393461,5.56171018076455,5.3047191026432,5.94074868226166,4.52825476698555,5.67290322420249,5.57761958420265,5.6037783760495,5.43163034164628,4.99669565540664,5.353447931271,5.32592060083602,4.77595183560662,5.23319467017441,5.01920125818531,5.58961208858827,5.91354235535529,5.31368276348578,5.46622205920625,5.64223881064692,6.13399836091764,4.61815353774453,5.5721627717777,5.77466219674593,5.96389399616917,5.15726261562813,6.02910610075091,5.2411098498266,5.61481139977003,5.07459530310103,5.53330051000151,5.48651129456568,5.23384785341751,5.29089935270023,5.10519132520624,5.81670200753689,5.04732509961404,5.76985432241407,6.24055487592592,5.56873453664309,5.71454592270795,5.2516580972022,5.38447008274687,5.38526732764132,5.24535400111583,5.63863237597894,5.93100638124547,5.87073684527777,5.93693052046187,5.48855827317949,5.64124862695145,5.2400081478084,5.20103563581799,5.83833858921147,5.5499924402222,5.67906201298315,5.24342750090942,5.62132939129049,5.19616139174712,5.52180520448036,6.07239111957711,5.72288146689779,5.3461584317421,5.97956071668292,5.88827314284527,5.00944193746422,5.52915686591008,6.07742289725442,5.6460578339167,4.82658597578027,5.08400262303917,4.64261187136059,5.32716847754702,5.51341414983489,5.693072846517,5.58537052836908,5.78597425918674,5.53265382298339,5.85206879954301,5.18187167661937,6.19666077491939,6.33184943558012,5.52812485569162,5.55529091498907,5.34223017328417,6.06603785070916,6.18324370651991,5.16065501627355,5.38773599586603,5.32152756175404,5.52211986877144,5.24514735017179,5.06631727048855,4.61094711460436,6.16934595923549
AACS,6.45960118206103,5.128205673951,5.71655089098915,6.84486926264967,7.23792149472015,5.35852893386401,4.62454447626818,7.18526005040391,5.39152492765036,8.65849237661421,6.9921614319973,5.41979155189775,7.25935060986285,6.67026674499413,6.50901725564296,6.14327743158281,6.81380510188675,6.19202381333647,4.9567673574453,6.37733917797771,5.62468987387089,6.69430941596792,6.45272344770693,6.14547750831935,4.99576038985156,6.35433788144902,5.9922237486467,6.4283249286322,5.68763101737318,5.82981318982238,5.97239229813345,6.3954451549355,5.72305305742604,7.37514813547895,7.064840048067,5.61510941588229,6.71745142144595,6.6181271101488,5.96601555412331,6.18461719690875,5.56001611320683,6.62423739751618,6.35587813015656,4.83274388404762,6.31943581869616,5.64172382525818,6.21216581677917,5.30146190371065,5.13055314148081,5.57659349850079,7.02438044638995,5.74837160713252,7.0734730530486,5.6281852888875,6.58830990642232,6.60984463914617,6.08206761894109,6.16932619016251,6.52252821086102,5.90447327602965,5.11721421790733,6.9572709008523,6.69910000087397,5.91567318157485,6.50129154614045,6.17425037383118,5.58693293791217,5.39797080304471,5.91564564260812,5.81903774679333,6.79906466099591,5.45296183120646,6.66956311232052,6.34004676450844,6.03081623092381,7.45587539691458,5.24369796241455,6.16059975627554,5.10060841061708,5.30151406918179,6.13910297686472,7.21317365871789,4.77088903751956,6.11202512728039,6.07208601799114,7.2331121982404,6.60267157162235,6.06633940665049,6.52888004923094,6.36171416264862,5.07564805016941,6.15708896590377,6.45072122989371,3.87503286241716,7.09588543002951,4.76655709570946,6.52316243514129,7.23966785496452,6.9037594165505,6.02053025032451,6.5677983099654,6.86687459863714,6.48279875521318,5.54390734407473,7.78662344961025,6.20335946914291,5.21458846400385,5.52880850134706,7.51039675743444,5.80805266824135,6.96701274208247,5.20149942323739,6.14988836485674,7.50565006040346,5.59155989694944,7.01170672934983,6.52956513684796,5.82812721641461,5.90846346166138,5.47353034080056,6.26958772480001,5.56236405563226,6.4829886957699,6.04152446026756,7.38801267598718,6.41797060501357,7.22321714378479,5.67406632043153,5.44429123982503,6.30874049004201,6.70186489418117,6.38517151378188,7.83725528838322,6.12106411188362,6.54725964458757,5.49083895515005,6.2791978007966,6.59900195472745,6.83897649763374,6.47516269161948,6.34081807986695,5.6404852108165,6.40265083301367,6.62001786740933,5.01182302134076,6.07134236677682,6.44454736249558,5.3479816024243,6.23419061436285,4.44003255329534,7.00791952844587,7.07372117086403,6.46683086498056,4.90777534882111,6.27997167021701,4.03374611527887,6.5846917587078,5.98506850548589,6.94438923443845,7.25850600776672,6.71060978152839,5.54934733923232,7.2253695720634,6.39775967813593,5.75731802769153,5.84633924304645,6.01602859409502,6.24866565904381,6.01058532972217,7.79398507608989,5.18246893449514,7.12576285349442,4.5628481590186,5.05079226199936,5.58372235776847,5.41327132508206,5.25310755160616,5.17147558781899,6.44553893973128,6.22916460528344,5.83777135431468,6.82955803413164,6.9694694624813,6.59757165589309,6.35591391598227,5.49273333527594,5.37947093622146,6.69361394858833,4.54769555290125,5.10562042333821,4.85005589972997,6.90921338572575,7.04178112199688,5.34968240627197,6.97268243539667,5.51488689550391,7.65942515134631,6.55969319896238,6.28023998906643,5.89729735623583,6.42501375436353,5.4396811107078,5.60205360780208,6.93713478185498,6.15933001596049,6.48965986255744,6.90717095902587,6.12312343200876,6.27386205266887,5.19093919019839,6.31901063198365,5.73500504957078,4.98878082439674,6.25331479825386,4.76895098953668,5.53252497958976,5.55030928095341,5.53492276057542,5.80258623338731,6.43587607663087,7.13910571767398,5.83632263113034,5.92059842890795,5.75274818534718,6.07174664701312,6.87769568930143,6.96920309015773,5.42094361283739,6.27568620252311,5.43956991534151,6.44797001716278,6.06388638496699,6.37756208978287,6.54820572045805,5.93452056349691,7.17570914407112,5.19131080276075,6.73622201180336,6.8812985756542,4.9667013141456,5.79774483568281,6.93403382401049,7.25644154893082,6.4155927725703,7.09545069340858,7.00587071002774,7.55441437173664,4.64821481009087,6.6027000303757,6.3336942434984,6.38947741056748,5.99131205549022,6.60192506942972,6.87539902945122,7.842891521086,5.32154326503514,5.87758516147988,5.67580245973965,6.66005362560679,6.0339188401596,6.4516778292822,5.84691340809534,6.0343747782289,6.03975116907819,6.54221288501014,5.75505678879846,6.2536249979644,6.16147434819313,6.06832667878708,4.16803810681498,5.68970975898012
AADAC,0.186704473586051,0,0.958810168729953,0.205472607515789,0,1.57465204864449,0,0.34736570421905,0.675179257186352,3.10655975244727,0.681098531224295,1.14048186112868,0.171646267737335,0.16658267315752,0.163528293101433,0.38271363824898,0.151930883633304,0.134512658951885,0.996993832450334,0,0,0,0,0.787771861967009,0.944804241593606,0.363330520714401,0.167778445607264,0.545512485129653,0.42747635485487,0,0,6.80705925447843,6.7192570638303,0.20043438898223,0,0,0.12317053731324,0.573200676850677,0.350962293754379,0,0.763473577753738,0.70376876210537,0,0,2.33029182592466,0.144840941012102,1.75649280173817,0,0.181717487007687,0.39845720607798,0,0.230289768311399,0.212234057983538,0.431609072361922,0.385505633570005,0,0.851354616679642,6.24733184593476,1.84866005857777,0.490740210739196,0.555536487648627,1.94510537369405,1.41630533662506,0,0.92220639261607,0,2.24206479921723,0,0,0.863332461550435,0.287860724278512,6.47049815198889,2.90381325608798,0,0,0,0.351871920642243,0,0.488830725151841,0.141595334261195,0,0.764449135468774,0.116089398753506,0.335563682616792,0,0.133393371711052,3.28978430144613,3.00273001009155,1.09979212128708,0,0,1.54607817057491,0,7.89985551962333,0.734616950456104,0,0.225112710611425,0,0,0.110987706204599,0,0,0,0.282865680309718,0.8577557242546,0.441619360180668,0,0,0,5.5490418476262,0.436128093981567,0,0.200992973234232,0.512695082102441,0,0,0.258958072343101,0,0.278478574899679,0,0,0.338841937917819,0.450302614098635,0.488946729758969,0,0.17831169074249,1.09856981033343,0.922006036015986,0,0.357321866584835,0,0.482217256638636,0.652302307649719,0.161287380776153,0.93571876496436,1.27120552952706,0.573477930200115,0,0,0.207588686006387,0,0,0.827696583686642,0,0.638382611605976,0.742238161748538,0,0,0,0,0.835423533357285,1.74596249115776,0.199075999573239,0.259561234235503,0,3.20253117965132,0,0,1.53149018310592,0.323402564280223,0,1.08221611604026,0.441371135329581,0.199149516682461,2.30843787939119,1.08291164388564,0.150374865451294,0,0,0,0,0.17111379399457,1.21227518886549,0,0.273631258415031,0,0,0.156728829607336,0,0.195675264436091,0,0.433358527806146,0.803811834116773,0,0.773310901171018,0,1.53561204358889,0.223533409912071,0,0.998968322263216,0.219992453752492,0.371625461381038,0.909369377286417,0.312892788007871,0.439066173960319,0.581800656945151,0.240766515211522,0.637792696919343,2.24178441045443,0.159894283360253,0,0.98920030086235,0,0,0,0,0.444543932061938,0.939353957003289,1.41958348171733,0.714683692461081,0.739051170471403,0.40018538909226,0.690470960978866,0,0,0,1.25180340167987,0.424306836760446,0.512770776185929,1.25969787842609,3.04453712379433,0,0.940326664877488,0.544068717899735,0,2.77252837058346,0.364193469257679,0,0,0.532824050738591,0.407617903973668,4.33066988604784,0,0,0.519370510056366,0,0,0.661383461535745,0,0.692931954829972,0.599612188647071,0,0.669107463319154,0,0.315133781085006,0.167826596851647,0,1.00702301558633,0.701568897321691,0.659200129931772,1.03216461262553,0,0.331639055652626,0,0.27622258062073,2.4343574437301,0,0,0,0.629472718570408,0.610820050200573,0.516254642722845,0.214860180703486,0.886920336368744,0.527730439933013,0,0,0.927455194420135,0.876338022657554,0.220872497630126,0.286526045293224
AADACL2,0,0,0,0,0,7.20254143541324,0,0,0,0.467160819242094,0,0,0,0,0,0,0,0,0,0,0,0.755618224600234,0,0,4.43309371275939,0,0.352394664959612,0,0.331023501949527,0,0,0,0,3.46351402052818,0,0,0,0,1.34748007269293,0,0,0.435781648000309,0,0,0.180054063204428,0,0,0.179744270362524,2.71615261242674,0,0,0,0,0,0,0,0,0,1.45995595892548,0.381824573591384,0,0,0,0,0,0,0,0,0,0.177955022931653,0.993372246019545,1.00257305836384,0,0.69393495331627,0,0.214453773072674,0,0,0,0,0,0,0,0,0,0,0,0,0.27945046210619,3.58246669817208,0,0,0,0.370908485785894,0.376189611473576,0,0,0,0.190768593905373,0.23805581622546,1.73088219918294,0,0.244891351312599,0,0,0,0,0.164865815576002,0,6.30192396116031,0.178845163954721,0,0,0,0,0,0,0,0.563317220090804,0,0,0,0,0.681104166048167,1.24225143069873,0,0,0.152530767018391,0,0.880238737919864,0,0,0.174089192845414,0.483412993617958,0,0,0,0,0.245202543091368,0,0,0.24121260577628,0,0,0,0,0,0,0,0,0,4.31791502668011,0.413535946578031,0,0,0,0,0,0,0,0,3.80617731362691,0,0,0,0,0,0,0,0,0,0,0,0,0,0.365857005304301,0,0.330501108823278,0,0,0,0.177608092348569,0,0,0,0,0,0,7.04306327822274,0,0,0,0,0,0,0,2.63111568210386,0.20902204692021,5.27812490863532,0,0,0,0,0.20404964992349,0.414627964428379,3.77228351644617,0,3.58254890356919,0.733934028401178,0,0.459703852172401,0,0,0,0.701693737294631,0,0,0.364752466502987,0,0.361092795535354,0,0.205435979627502,0,0,0,2.04115136758339,0,0,0.497675919963418,0,0,0,0,0.529444056897108,0,0.187344233953107,0,0,0,0,0,0,0,0,0,0,0.407917889606248,0,0,1.11734651868814,0,0,0,0,0,0.436119767427809,0,0,0,0,0,0,0.443901256883007,0,0,0,0.965165932637697,0.36631657320904,0,0,0
AADAT,4.80951417224782,4.44175943524342,5.60865928644577,5.15914535174082,4.27199304847399,5.05276393635574,4.50283368299259,3.73144745898432,5.16767313941522,3.28473651422237,3.10535658765768,4.20339800961753,6.36742908006234,4.04533703753944,4.63287169779493,4.80089110397723,4.27405412298633,4.24487540785225,3.17361629414123,2.22119037084861,4.61619067239698,5.29917918509864,5.79064555307905,5.3440133468803,5.00549420163935,5.02004756695594,4.10446323917791,4.66628763868896,4.51186963886846,5.32176488590268,4.04972373311587,4.09512312798298,4.44646542891719,4.42424577124342,5.19143215155463,3.71002009139489,3.11891813390831,3.5157732916751,4.76184521125326,5.03012353363757,5.80932777996757,4.70787843373009,4.943033568992,5.28118474046508,4.93740831371101,5.25046546857867,4.65911858548048,0.55668197342708,4.50659347117263,4.71457459216,3.79900815865995,4.68304332434331,3.5644269135491,4.59324380637843,4.40056913639278,3.74757218549833,4.27196711057424,4.55642922046213,5.51669176482446,5.05565269422675,4.67921231960572,4.54077821142882,4.48260867329586,4.83488748923843,2.95508426355967,4.44184374087837,5.51891836866695,6.13643406596349,5.76135484226524,4.82440171520068,5.05774755620437,5.44431225165037,4.97838060747451,5.66803344069705,4.81719417861571,4.88426302963553,3.68038867678675,2.59782098777463,3.09524611445035,4.35273493288212,4.70007461817207,4.20042993645253,4.43097513403351,5.63117011659584,4.70087777244232,3.22579632269818,5.08226164619998,4.52785161995414,4.71611428237731,5.40992812645581,5.8679994053853,4.98526847874268,4.59406988766391,5.68053072638835,4.57937694852859,4.65388448946589,5.13638458735584,4.08276964917199,4.96285734976048,3.67566650356237,4.90097628504771,4.74668302934779,4.6915340546785,3.85175080504437,4.94573725155091,3.57654225659014,4.86554336954344,3.37579845720971,5.28986539618511,4.32879256007311,4.01294616689304,5.46355289265416,5.77237223856715,4.30597939436831,4.44783102163944,3.18538394927949,3.79852709722885,5.71533235418597,3.84294108741524,6.74817673337582,5.55479887115905,4.88904508875073,3.91619242348678,4.30929410448793,4.19906442432423,6.49098324931201,4.26830410372575,3.99758228391809,4.80222472956269,4.11662693773806,3.84086145348368,5.10245171196201,4.13235897869607,5.1122595573742,5.02210972296245,4.94387656915995,4.92165211909628,4.27682573768633,4.72965024737215,4.04478408493738,5.15112973620312,4.08160054444446,4.28596580667943,4.79575572207165,4.68605479338122,4.39060822056555,3.63399124558766,4.39119465878871,3.31655571216668,5.87815580091785,1.49645505512306,4.22164528764807,4.04535826286608,3.69915095009044,4.15546111964151,3.82495764129681,4.42853488833461,5.43537801677495,5.28355079812968,3.39272861004514,4.91774135361273,5.45485782726829,4.43688033568552,4.79759931662612,4.40528655620399,5.08560512168352,4.27560435994914,4.60306898631209,4.71860199431213,4.94665657802888,5.82339627517875,4.62809974734709,3.83319856222343,3.87364629639703,3.64397406271039,4.38475239211522,5.23970558879653,5.34854045007893,4.49662563512861,1.2902280834094,4.94737236623966,4.9208121802399,3.93333792117259,5.00373419365708,4.39539152619592,4.03678139489177,3.50801524062748,4.41605276133691,4.99593496629031,4.14053431869213,3.76222396955912,3.74185258857501,4.76222805720326,4.38722225090127,3.74742339802853,3.89158111518472,6.44358356308818,4.33491336738998,3.38636908682076,4.76174604396704,5.45340360563742,5.08574407533373,4.73830962340425,4.38264986219055,5.41122518306204,4.75163485342422,3.8804838468641,4.94645521372478,5.19752243627404,3.41167606058218,4.72931109294253,5.67400430408178,4.77557904860281,2.943076664709,3.64223765035024,4.42324464921052,4.81833414900469,2.92201627900423,5.33148434308063,4.67580752963639,4.44575734552975,4.74890095516871,4.15732233238223,4.38243500165274,4.27828381879321,4.23850666188418,3.75270008007797,4.26691631202057,4.37971356769035,5.4844911177665,6.02983262621799,3.79840372907438,4.64555126433504,4.64109104356539,3.93578974423709,3.76881239220655,4.1283689343994,4.30406172107102,4.78692117447175,4.67496328496076,4.1005368980477,3.99751323089192,3.98891773332418,4.77241737227879,3.60599675510944,4.5701282638846,4.4124036290008,5.33126272625002,3.83761067305293,5.16566929944943,3.18946095726856,4.49453510781646,3.84547509545646,4.6123999133976,4.24725034073264,5.87676741775978,3.4802589511335,5.46592682427624,4.06726926640657,4.47451080019693,5.78074659831726,4.43616002999903,4.05856228642547,4.54535521523763,4.08909162872311,4.96959381124016,5.40279789379773,3.48193804274706,4.29094753573178,3.85809820733062,5.42317879416559
AAGAB,5.70699608091534,5.87654150907488,6.35431043227742,5.91358485368905,6.05519160986882,5.15909507985151,5.95729420649225,5.93656525918868,5.83868145195202,5.45366855635137,5.44013914688963,6.65297951141809,6.10194428478694,5.90045752300756,6.63072390007786,5.03982523445861,6.33001426005856,6.11711124130819,5.92717226171888,5.62769255906419,6.13859028333102,6.5957329466234,5.74987796368128,5.70519342540316,6.03799066815973,5.50203884688032,5.67601493015922,5.45057660047662,5.6813201659683,5.49526884798232,5.908904389213,5.95382159730021,5.83609612190116,6.59402706466821,5.45851981976807,5.71332515885742,4.97789789963947,6.16214733720398,6.6361159622582,6.30447768278325,6.56172714491422,5.80568298222585,5.23712008435477,6.73692095239766,5.52715951244365,6.57084612668657,6.41293707544629,5.41491248398728,5.22487909298317,6.60266463818542,6.21904423236864,5.79228669501908,5.4698773216621,6.61043579718509,6.14915312284671,5.63067090193422,6.11286304948707,5.70829969054475,3.9838134301935,6.03367449099277,5.87159458212239,5.31914503869259,5.36781078964262,5.17030783616393,6.05821225366036,6.41116364313047,6.32720296645354,5.21635387028119,5.11809879303286,6.13022012697241,5.71178810251814,5.42937687319307,5.60322665959175,5.91704461285473,5.89991049601326,5.927702856039,6.01906177674934,5.64115071176811,5.60904982317326,6.19365158253099,5.44206869122595,5.23816734132629,5.37129446022798,5.61422157329431,6.03413649686547,5.83915219162537,5.81421138365397,6.08992595625766,6.42560698309485,6.12399163149063,6.58823147943876,5.58040103621614,5.95371299297291,4.62189480584569,4.04385019900458,4.7657822341567,5.66844017300101,5.0036254271704,6.01000964066218,4.9565249988532,6.26993639337867,5.59235601373711,5.37100724071639,5.40836752581918,5.13687221024015,5.10017687679691,5.93257914128369,6.28819165428565,5.60359277799302,6.24464124008677,6.38363630035884,5.67848397056857,5.9118069013281,6.08264931519417,6.29500626683255,5.79248542393315,5.86536067349763,6.4269397204989,5.60245633918828,6.32418933552142,5.44462565709398,5.34822049435598,5.92359228804055,6.02754020061445,6.03578744188203,6.41354128370395,6.32222152893582,5.6379279939469,6.62191211452015,5.98411716372851,5.54266816780778,6.48708278623195,5.4807050806739,6.52209382441254,5.60497601047523,6.33209699177063,5.28667154653547,6.237036410744,5.38236930982597,5.34903081196753,6.23215562727213,5.28347723082226,6.20955697377879,5.7426926749591,6.39459125502591,4.96863083971371,5.16501930369402,5.75544843117532,5.48369318960916,5.33411362556476,5.89671830533316,5.85294114216799,5.82069822752957,4.4005064629261,5.66269930503391,6.22225034752668,6.46383497784392,5.66905776022319,6.03860633874453,5.84385453613004,5.88541237920616,4.69014080758565,5.70511127647886,5.91632766480946,5.80720474242539,6.67423983698374,5.2732024857123,6.12333912181729,6.68747008741093,5.31617050878592,5.5761021702887,5.37715077320254,6.82406817019641,5.18365676869869,6.99856334991157,5.08079737815636,5.69116268406051,6.04437403932783,6.11369699225559,5.47138964026007,6.39914483028857,5.154257174313,6.40098568597012,5.49753238042914,6.60501027620257,6.69749572639693,5.918406354872,6.75299614137519,6.42991286954522,5.63644439585109,6.00977664043594,5.75356686305769,5.79260494131552,5.45459372375251,5.93114396634732,5.94453042682406,6.53648717987589,5.32398391475837,5.64487012629491,5.75915991387656,6.3887654342205,5.54812807589966,5.93852175008382,5.83702614406172,5.9497869114841,4.84371134310252,5.77879774991871,6.95407982740839,5.60946620292771,5.61634026134708,5.64180698670668,6.30562093806183,6.15936380219068,5.73492247152628,5.47041759853814,5.72821726552488,6.43475011899497,6.04936928667875,5.69515178155725,5.76186623947769,5.89810358394436,5.81129419820998,5.42948832983146,5.85283159852361,5.96854319849279,6.37126302651383,4.55423583443792,6.38033103521688,6.39256681755376,6.17749220927622,5.53967903147369,7.32293897061658,6.35273862106855,5.57578384118224,5.22865532122916,5.49235123364828,6.11365646038584,5.82986673440427,6.11757303979506,5.928745273607,5.75293790533243,5.94127246648912,4.96826720922926,6.09941469840668,5.72483392242217,5.42510504204829,5.38994652111953,6.46045713950265,5.5918031117695,6.05223411833142,6.25712331612611,6.38677015652197,5.85577256227264,4.81029701869577,6.01422227734598,6.23437568137597,5.2483006311715,6.061790276571,5.74082500175772,6.59035538250624,5.78630890063558,5.40333614044273,6.06369712270306,6.44779268781262,6.46627958322488,5.92110904753578,6.04670613964415,5.69142241325074,5.36355249134399,6.83871972598562,5.7933080408397
AAMDC,4.06583681937163,4.41766908241518,3.21317001618592,3.65243323164679,2.53413164013297,3.21670935696489,4.07978913336006,4.49064728831822,3.79881374678738,4.06099006193279,3.4043521795888,5.85210005705174,3.75078222795164,3.08944993258053,3.3882742826645,4.10456880920873,4.10326691465899,3.36700153163863,2.42370075333811,2.86448932789513,3.69214397913245,2.74770245934625,4.1840439448976,4.03949813701473,3.51426642775776,4.6977875150418,3.9879893647268,4.28599825004568,3.11856354937332,3.46149739889743,2.88548402572335,4.82027875930737,4.30571117018678,3.61713006540755,3.72138903214271,4.95806670010095,4.6284871947107,3.4271682764246,3.42749597437121,3.41471054505331,3.45132350899511,3.3649113884517,4.66896006101577,3.28929958298507,3.21903709467721,3.86210540059113,3.38545435958162,4.01497406735281,3.55324020540021,3.51832703142002,3.39214572094352,3.83562906587983,2.46356070962139,3.42570739828896,3.00894061035081,3.5463924352057,3.08599732478947,3.79093988915003,2.92572295552781,2.99213342404687,3.12459236669044,4.71283322676512,4.62338834448054,4.03083831967672,4.55826323087034,4.17978707803421,2.88327588251769,3.86112608531627,3.0871157518135,3.81583664480168,4.00042741687068,3.62411613456753,3.72046757885294,3.36610066991603,4.5301000584377,3.68930032471763,3.19742811641364,3.04488888553206,3.41081432758545,3.06109880292027,4.40092708914147,3.58203905307148,3.74385940571583,3.89908332261588,3.43982970401086,4.41123286027383,4.5747999813968,4.03352716383492,3.56785064437089,3.04943658362162,4.29632214404455,3.28413599530463,3.58817976268029,3.52384519321335,3.93185996018941,2.84819522352192,3.55261267202929,3.73698483704474,3.19363252331398,3.26131374560074,3.71402040688417,3.46423062704991,4.06394966995387,4.17727268370545,4.08935757675953,3.69718398787088,3.9762518145347,2.51881568926627,4.27540774155989,3.50548874123055,3.8489998806327,4.17292402251467,4.02113475039239,4.57982293872004,2.87822627527885,4.69945510434386,2.94105278908223,3.32501508610387,4.49722171623611,3.40665896817362,3.38219700164382,3.9815757446007,3.20634290520982,3.18673924983658,3.52448616056927,2.59604321778458,4.12252923678205,3.26413045820098,3.32131989485086,3.79010009679393,4.43166085883214,3.32036827955976,3.91014656581381,3.81688142066183,4.21001168056177,3.56616414658362,3.21589585641312,3.52129935244894,3.54583704705044,3.19233371210742,3.17087917982661,3.38175965814294,3.61489908315771,2.96425766562481,4.3445336526752,4.09054764851613,3.09998696438717,3.26066593131212,3.04564259470774,3.22164664141714,3.84037928174948,4.22678402928263,3.96292645295542,2.78756420159089,4.6354396625734,4.53556039885348,3.14911324822475,2.27082936282355,3.29380520366967,3.75807917689654,3.7293266166517,3.24182910249199,4.86988399936283,3.58868431065435,4.38027316639333,4.9411235007596,3.19958340728885,3.21959143912641,4.53203287398188,3.83904270153759,3.65497774623099,3.71640158028961,3.50387250226249,2.67526622541417,2.14835126112713,3.65103738796913,4.23735700469372,4.05266308475321,4.51092950695498,4.36323462092591,2.55793672954232,4.3633928477629,3.53905044214901,4.25476754850549,3.38984965952787,2.85630379736077,3.79233701324539,3.88508132207841,2.79205867975733,3.09405385908985,2.14732461769616,4.03344112701846,3.16587095415018,3.87475676787088,4.29151911319844,3.63594607983518,2.40037763259548,2.73027254318465,3.48787383032073,4.10303531202642,3.94708816839197,3.78667305216242,3.11564419181564,2.76317968239862,3.88997727573804,4.10999685517507,3.87879798349379,3.06610967406977,3.62510248301269,4.82197715894928,3.20932467063101,3.41067112274871,3.18146682514138,3.70808346018916,3.04301116778721,3.66806012304665,3.11868501849711,3.60266386277137,3.53628109709671,3.85560419434899,4.00761001998857,4.17350900431635,4.17958774576916,2.77755816735334,3.45726975381531,3.65163013706486,4.57388032482564,3.12965803966952,3.64815581364771,3.14303903988139,4.22587265891278,3.92789822546152,2.49021154839346,3.77679115411122,4.34710377435082,4.08629777512812,4.8963739728799,3.54943986518954,3.58338227822415,5.36237162825388,3.53467081617834,4.30848936604838,2.76982388156519,3.37900128829454,3.59730800750355,3.64292101562508,3.52799888029546,1.78012911989264,3.37574776418549,3.87882243815551,3.27379580878731,2.14879893978425,4.00102644035108,4.00706791443037,4.42402937228801,3.95265426179258,3.84034711746126,2.85868055536017,3.4169511457514,4.12808364780698,3.19911883626199,3.67668641932581,3.5743166429453,2.6132443177037,2.95909650207961,3.06699584935479,3.98970460937614,3.06050869872822,4.01006025153482,3.10684069145773,3.29105516902671
AAMP,5.99277717534435,5.9749302823023,5.8532254218132,5.81154163515004,5.85252013066649,6.19700835623687,7.16921995007877,6.49523958758193,5.8366551847321,6.50005699805442,6.62201467787142,6.05111247229155,6.70675289881203,6.09459305873613,5.94430205537557,5.79020102267671,5.96262197341457,6.04570136849746,5.74804624913483,6.38715618135344,5.86111822548724,5.65586023060132,6.29464875565376,5.91427919331614,5.63743995038802,5.63337109196701,5.82915055447503,6.00870531725087,5.98478977802747,5.71452447655211,6.42175077790365,6.15236800291126,5.86813801212633,5.83518646907124,5.47660368611756,6.3554550644072,6.50835865514694,5.94436832530935,5.92082975358269,5.82381031862329,6.2045670398536,5.87718342712745,6.18657063912935,6.42308847370868,6.44105787125518,6.0628073884168,5.20159659100409,6.61955263361608,5.65668627030012,6.42709400798946,7.17507046999373,5.57415247477852,5.56987420793784,6.4758104770546,5.79982376129377,6.64129300802673,5.76642427139342,6.15696809669024,5.84652146884502,5.6561054786841,5.5373307282504,5.88882828561322,6.79534238524604,5.96173947425483,6.22953725863279,6.38373498323725,5.75031012558051,5.8040272838936,5.37357916197313,6.33764842108145,5.87005493759203,6.04251323401928,6.24722399643295,6.72788032088575,6.30558926807263,5.89057460911773,5.90743003006935,5.37230204546279,6.0685414163399,6.7741627936536,5.34149604182745,6.74320271676351,4.96029847951456,6.16344244914532,6.24085433990738,6.57216413290288,5.58449859149847,6.1924870274578,5.68049543327279,5.14655802159418,5.72148008544736,5.96253229649844,4.09125280926282,6.09983915203901,6.24114595439376,6.08430144765275,6.00028932295062,5.92648056412815,6.51948062138075,6.0184468738709,6.80669537837833,5.8927795446846,5.7441726361874,6.23223560954857,5.78895755603858,6.42061204492394,6.14107563524727,6.05682060287965,6.23152552736171,6.10941944858014,6.46647815216925,6.12105030151003,5.78119262352676,5.77494618007782,6.33440452617975,5.91627203007344,5.0840922664964,6.13420227031499,6.38084435505694,5.68197361492519,5.99021949053823,6.17122645231738,5.56805811289843,5.24756461964072,6.50449491013498,6.50779267264467,6.42972505777188,6.05300933980569,5.31010131476057,6.03422111182654,5.81970747040773,6.33152791773679,6.78532873543678,5.77994029667574,5.73230266176463,6.58718220319192,5.57596113814934,6.39980859807911,5.93806726069863,5.6291421919496,5.90376285169106,5.83644192699027,5.41622698489413,5.89572480819144,5.72981885280226,5.6267715541702,6.32020493942998,6.73875272219509,6.62925966713986,6.26192321445129,6.30318075440711,6.08924416730978,5.7477762651407,5.47515112360183,5.78682798135045,7.03815264053805,6.3428899195555,5.69487251736856,5.56269626669803,5.99116686231423,5.87550048696829,6.18814207174586,6.70983987422386,6.83965834561647,6.52704574810131,6.69921152454441,5.9056766913302,5.9263093409683,6.73435953679039,5.81985791017758,6.07034833118869,6.23841196773795,5.75568542473625,5.29788556275738,5.40246750076911,5.73100558134553,5.50897878956663,6.98548282245978,6.3825508430645,6.22675253080288,4.8803547802256,6.41087762193179,5.91580874503051,5.55079343284334,6.08158068000636,6.49991964730501,6.27136592923787,4.61575032328844,4.91578241187036,5.66188504814453,4.92696690754176,6.65108733848587,5.67005550106238,6.05029827710669,6.13739196217987,5.92605961291321,6.83136357701114,4.98119396751811,6.20464143261694,6.14010687459497,5.75878490172305,6.13401740168076,6.3555810611629,5.55801935981382,6.53093160112543,5.29178019155061,6.01966878791747,6.30015784863727,6.51206317134408,7.12002497026604,4.97916678654777,6.10700121325004,5.80000662627096,5.8479501390846,6.22570572866993,6.14306685971943,6.52213390514045,6.13716570194369,6.13089832971449,5.52289241898254,5.93230106884818,6.22402456658117,6.44449232571959,6.38445615559079,6.37394625875851,6.49941433221476,5.8353024163366,5.6067810666971,6.07819595138977,6.94184392654268,5.98520186375448,6.66219313543428,5.88431113128966,6.37580852837505,6.36397956720258,6.30851764180646,6.4170426326237,6.0487443034823,6.32949525603406,6.24079463161624,6.80915427803013,6.31936417420105,5.94153280948421,6.0811581892637,5.99929349485908,5.72882722118047,5.67066482242574,5.06027275923303,5.39046128593009,6.15559226501568,5.357453054032,6.67455130060655,5.9754842664089,6.90456768891721,6.95311848167056,6.43827937956457,6.49923674916017,5.97334662734814,5.43896402448415,5.89341406378066,6.10006792446193,6.20853284468745,5.86699156972316,5.39111229809057,5.7843206952804,6.10032456078162,6.14173479924033,5.72743367908263,6.08674646753376,5.78005412227221,5.63256325666554
AANAT,0.415397925887614,0.27950664801995,0.325655705164214,0,0.26442139349365,0.352776313719064,0.273444514466225,0.150010309056639,0,0,0.112303479083173,0.661576208264204,0.384188796752883,0.838551390229538,0.47143009797567,0.49323461661945,0.237323422245786,0.210807894871245,0,0,0.373261985287954,0.454708342506178,0,0,0.278268459944578,0.299304707827468,0.37611561182242,0.353270388892893,0.127692366511435,0.172291908063614,0,0,0.239144007912866,0,0.160688358428356,0.138086749925968,0.0999656572704857,0,0.373637028361809,0,1.08618550238411,0.464270277629495,0.141655912980704,0,0.131453124217664,0.117717758603811,0.564364923372474,0,0,0,1.22535181178025,0,0.327871406614519,0.275668655587588,0.692854621619855,0.493305578497704,0,0.132581968587694,0,0,0,0,0,0.111720702226987,0,0.469933125452352,0.678669577785686,0,0.156711246111709,0,1.27630048765455,0.48555637557288,0.169001399808186,0,0,0,0.289667800349928,0,0,0.22160994204826,0.171660690455236,0.357543050688391,0.0941753634010473,0,0.465576827673829,0,0.442948213135815,0.369721581663123,0.386012131271482,0,0.610558913667084,0.307799023141453,0,0,0,1.11985475674069,0.183889749750835,0.130102433456914,0.383355379733987,0,0.937695389581383,0,0.179855456304322,0,0.408087031218671,0,0.505515168141534,0.761330958987204,0,0,0,0.147811567682476,0,0.156401858973511,0.295865470035798,0.127872489919111,0,0.356147220344487,0,0,0,0,0.198431392672637,0,0.166730767011107,0.277169373088481,0.54540875154421,0.214204805905069,0.263322472716364,0,0,0,0,0,0.166684717639753,0.361207109681954,0,0.154750931121375,0,0.169388837812119,0.144065528061677,0.177094493014839,0,0.807119121944287,0,0.183198095301154,0.559245643521505,0.293017865743003,0.512441510686818,0.140075276913572,0,0,0.162355690096265,0,0.270406134598299,0.146061621728524,0,0.303577636811402,0.131109136666202,0,0.155778770191932,0,0.132296845831431,0.0834925671120478,0,0.292857906616524,0.122258784146911,0,0.237169979242792,0,0.218863411084553,0,0.436599873979813,0.455241918227627,0,0,0.291928368144301,0,0,0,0.700012967843803,0,0,0,0.155984874627651,0.568138361889325,0.238617609636479,0.182581653631998,0,0.123426112892974,0.48318523931016,0,0.589754949834337,0.134202817806116,0.131530971156361,0,0.286067060893291,0.74098955048677,0.146961211145805,0.130077522969653,0.65042377639798,0.294635252165569,1.04837642636175,0.14930197845459,0.162822164601706,0.224413796397779,0,0,0.307971670562045,0.119049938195094,0.489507366975266,0.174627915342285,0,0.146410256188054,0.104236939610613,0.204467347951296,0,0,0,0,0.136103459581603,0.150335504789171,0.636763374298425,0,0.318687410827981,0,0.157800978638422,0.707277386793288,0.135592889602944,0.163348083464829,0,0,0.145376769082564,0,0,0,0,0.247659271193762,0,0.261276672613636,0.142359140129414,0.120246351665671,0.67246266855997,0,0,0.136599726151625,0.434845689601002,0.217324051928907,0,0.355877343995337,0,2.009875105694,0,0.151547905311184,0,0.116944517005962,0.534325262882259,0.305173326572334,0.689770166836132,0.150671821298035,0,0.429052882362045,0.472838762353176,0.541773896628306,0.962081376820481,0.205030053571468,0.296084560395219,0.500692260365954,0.506375052082737,0,0.614085631878688
AAR2,5.1580675857771,4.90673830368376,5.0944017707718,5.56035163320648,5.008185776087,5.00223109673525,5.64826127147644,4.86732092497492,4.92849996005105,5.16836914001606,4.92975463496179,5.25513446165482,5.19150110222891,4.64938591793602,5.4401361912814,5.07154469561859,5.37090948892302,5.36128212961325,5.01334453076473,5.40796215593732,5.04560883215921,4.61092505836729,5.35853157917354,5.35241196026272,4.94056476331629,5.12794409480818,5.51237201247316,5.32167271554525,4.80531279584263,5.08258380004443,5.37198453363335,5.42048328752277,5.48314473129613,5.04034411410391,4.08585082533429,5.56812715762414,5.00723859155272,4.90030557224109,4.99826303709454,5.05050075596207,5.3064238513558,5.24275205315841,5.80762943726341,5.32705186954865,4.96114119782986,5.17417094701064,4.88113342169262,5.62697314957598,5.90838020762857,5.04919998415837,5.08006602080786,4.71815990169606,4.52848062737467,5.41741734943162,5.00262545196453,5.1086964385812,5.34525943374661,5.03152129720338,4.56744657026159,5.17632966939246,4.88097217298178,5.71760996242532,5.03023064799143,4.7712270452396,4.7023118527276,5.70592214157028,5.3338494624382,5.15994471148835,5.73987389866872,5.61379490947061,4.99741184311631,4.92895104370455,4.29285852606218,5.36746522795068,5.14777905523657,5.34808022305013,5.663855235532,4.24794888508019,4.97534164504747,5.20076742667626,5.51557246892575,5.20279722019411,5.16894428583746,4.63255624011872,5.54605061389929,5.22179083432609,5.44036950496661,5.77619090401005,5.26336110257982,4.92279153478082,5.54513597910837,4.97041634517627,4.03826998379396,4.42792177925142,4.86857438881551,5.06453992230278,5.83858759743759,4.69528302327933,5.5345632765374,4.58052623659826,5.57624228751281,5.20762170165249,5.36722713834445,4.82088486740506,5.2640264780186,4.85218564212127,4.96205949682116,5.40568594349298,5.49354795540323,5.17166678106445,5.23672132443305,5.34511591707364,5.14956129025015,5.07006970140335,5.4407234884774,5.36424211214307,4.69225396404939,5.18922156865841,5.10126387048147,5.02303936806107,5.86188345157576,4.78811843277061,4.72885574035633,4.39973781744627,5.24170832319396,5.92757987312088,5.47122022690985,4.87488861907539,5.42440323718593,5.04430911693548,5.26706077886231,5.29327663293122,4.79773245912237,5.29418524977033,4.98959207831007,5.47265058526953,4.98125274835931,5.15279588339521,5.05517224177055,5.20466351777448,4.8296272019771,4.32993569287185,4.9975746492082,5.08299632332518,5.01057500126213,4.81458765251996,5.44731375063537,4.90887084145502,5.37374866567115,5.04825937340311,4.80384746840421,5.21614433525974,4.93952226006178,3.94006081703533,5.17489187545705,5.77287067269146,5.04568448815267,5.38150889936437,5.39669591894163,4.1884749049098,5.46341736505631,5.31434855409217,5.18417399308841,5.70033449081916,5.36945549581745,5.51296629544836,5.10625645809336,5.133305082661,5.95713739986927,4.63954072181453,5.27660126723793,4.79469700898464,4.2617346220576,4.38644148120258,3.9946509220615,5.4654775297745,5.74816096247055,4.97978102682188,5.25639325654983,5.50398991990438,4.65550030481611,5.39307507158003,5.34730511884299,5.53107092266666,5.48271832384579,5.13673967785347,5.30221245941517,4.35553223882997,5.01451699715285,4.67066419425893,4.63943292243561,5.2214572114269,5.38871950063864,5.15331979442497,5.82315747169834,5.58566959346909,5.43956646955482,4.56845450011719,5.10689832078917,5.44683564338279,5.06298401253548,5.07793173156293,5.63413426671922,5.63417294954154,5.10302856058107,3.51832187835416,5.2799412307176,5.20754052890485,5.43257721952554,5.46668462982884,4.60305872641131,5.3628453522243,5.07972811574817,5.32075003479277,5.16969218329437,5.4837073774641,5.49036104723886,5.82129625897018,4.99960849273592,5.03154101279913,5.38723897101458,5.08530791716928,5.37187835639671,5.06005045646434,5.28295071489977,5.10714852388599,5.56729485077754,5.66520534143968,5.15252088921546,5.40370614026217,4.78691709642905,4.98793441588666,5.28428478919311,5.35899595268238,5.05920063221566,5.01131110378423,4.823702183203,5.14361636124902,4.99873955717051,5.23063658230797,5.35452073882961,4.49856558393278,5.15368314564489,5.07639137507803,5.244093847003,4.88103273801594,4.79673180374322,4.7873223513152,4.75760957319629,4.48765674802633,5.08771426078884,5.71837964106683,5.6439242222466,4.49889339784995,5.32766831575913,5.31115537330233,5.09788312302978,5.70690195000878,5.12917468554236,5.42875654136357,4.87314538841141,4.95454845881692,5.62059879534734,5.18289517296358,5.82045834156212,4.96360676778434,5.18244540402268,5.10163387669376,5.02834927579937,5.09184496381161,4.15224683328102
AARD,1.72487966892656,1.80930274576105,2.02895957926562,1.07760511962997,1.78552930994098,0.247620964799956,1.57283461301578,0.260044651394608,0.282733053607211,2.15788456536962,1.1159345636747,1.03472676026806,1.07038396505646,0,1.81776123497583,0.666995312770857,0.852593470405829,1.50762337155938,0.498622821871937,0.548093516483067,1.1647261747784,1.22384881940621,0.895334335114193,1.42572822674338,0.564946287290575,0.872748142436574,1.48003825212453,2.93888959568605,0.115575328348283,0.65224551574599,0.742404556534385,0.399176479443087,1.43624116520645,0.721433119692213,0,3.17901784489827,3.59957361538713,0.339647603328273,1.99902458817063,1.68086657151268,2.49984109415854,0.424531171131118,0,2.05579108488042,0.679730093442006,2.33942211415178,0,0,0.256746699627893,0.387054055098449,3.40079170518871,0,1.31891187485664,0.08848769307841,2.00010329342368,2.04370137847398,1.11565825502926,1.91685780978833,0.462070387271363,1.82686850167826,0.155228398638142,0,2.12871698854888,2.82691576368862,0.491442693667338,4.06452638563402,1.45013383544007,0.273017948439994,0.696422172386939,0.226290927554986,2.67068574084007,1.41079816801335,0,1.83526350032264,0.302778026380465,0,0.263519298599334,0,0.434171854484296,2.10167771209468,2.10516483431207,1.78669471337121,0,2.20474019928916,0.543677806942825,0.936347089332584,1.38927721969296,0.121352131866965,0.758059205569796,0.172245571693093,0.464526188836153,2.18159389364738,0.390271118670082,0.32518869638228,0,0,2.78260671812682,0.117765915428187,2.6769297552386,0.301090986656297,2.55469644648883,0.482010395353016,2.53267430953092,1.71315758357102,0.576352916752301,2.43753950180269,1.04190894953985,2.40780746149335,2.07024246387732,0,1.89980520122519,3.19656564783098,1.56182392355059,0.270703747075276,1.99081694753558,0.664218558602094,1.94598255532166,0.224333332116249,1.9477868230377,2.38932856908913,0.468886536134377,0,2.71839997353178,0,2.7765270903629,1.63222482418024,2.47372700480671,1.52375133654252,2.3133333941438,0,3.42182597918947,0.132228453853247,2.26779651599135,1.02136049508446,1.9523176853052,2.93859355043345,0,2.02200519094104,0,3.18336379711867,0.6488096648327,1.27053302254555,0.507550084834444,2.01456859121171,0.621454834360541,1.73055333275414,2.90840485187817,0.745494149131814,3.29867886918088,0,0.250595411032732,0,2.18352265028757,0.856314497291581,0.455844303760548,0,1.66861652793258,0,2.37888543612758,0.241609058298478,0.387685757801135,0.198351880394691,3.75102164371508,0.215481748169873,0,3.73397837644553,0.110637795382203,2.15793748380968,3.08545291077924,2.69551265548183,1.39179787653913,0,1.6184037076011,1.64049891441686,0.203545875386788,0,2.21361388824515,1.16921692748475,0.963918567593933,0.39634900203981,1.0879451100968,1.89202051301864,0,2.56183080559991,2.03112488221321,2.16338806685944,2.94995421916125,0,0,0,3.31667296897982,1.11930791247502,1.62928356938004,0.33751893793652,0.600443447655794,0.678648702715574,0,1.730881802408,1.17402655888217,0.511145519747041,0.26945682307589,1.9094822577295,2.02262584556413,1.90745851437643,0.147538691450818,1.49580461988055,2.62044187526935,0.289165269236693,1.61974434633598,1.21284456708745,1.72501252408084,0.158295989131831,0.617681579174249,0,0.801410367989862,1.1603015784296,0.206882313729609,0,0.600346768904939,1.1938651923906,2.37593807131471,2.2513756008522,2.89090375544664,0,1.96208209225607,0.488570322472911,2.27928971914859,0,1.72646754097118,1.26579549831299,2.22393846169283,0.658147336458039,0.563408315399054,2.83144444472757,1.56801669803504,0.442288007027727,0.704785114074676,0.882789919867722,2.68000341682501,1.52547846188227,2.12593657219907,0.476838120458434,0,1.11587275109314,1.79896721778337,1.65449347038554,2.09626562801613,0,1.77541563844318,0.32439604258648,2.68168603071662,1.93338250193418,0.459449176247266,2.10238950062139,2.02220354093232,1.33455273159027,3.8680403120425,0,2.77746598393241,2.02705218505703,1.1447546079075,1.23429034594668,0,1.5101622239535,1.99666313254392,0.186033894518494,0.944044381454749,0,0.203619311060284,2.80767272542505,0
AARS2,5.42748281843801,4.85633937844735,5.4262834749216,5.95602176092934,5.19935760566761,6.21694581980623,5.80963518935733,4.82750309784958,5.0055837338909,4.67748205719156,5.33739037597451,5.64998912913358,5.45695405541294,4.97784824849376,6.0598562914602,5.37946155484688,6.06074417839976,5.32935064122745,4.27870273253601,5.46566655370024,5.24949457848772,5.19334034319538,5.39378479096176,5.59721757568524,5.90039855941566,5.83352927079197,6.36920245152836,5.6460293539649,5.30413702646097,5.34660507560585,5.26485032288777,4.56701443288511,4.82446489055385,4.39210017870248,5.46390225862302,5.68474447243711,5.23437476211494,5.27177883091698,4.48644064429785,5.19114438099833,6.08025657345374,5.36716809205301,6.03604067644202,6.08389225995508,5.08433993368147,5.87148183415958,4.88602141761002,5.67143088324706,6.06727152051727,5.24397446136751,5.13634838880656,5.42446794389714,5.75359069866475,5.51931060708165,4.82661942378927,5.38991719765004,5.32545631309623,4.900894290081,6.47501693676605,5.16338186381029,5.06431581652266,5.46238295418346,5.35708937215781,5.53631599967215,4.95738925841682,5.52541184844972,6.1447186482808,5.55148640164529,5.2390304016735,5.07123837573735,5.16144171797739,4.99506772045762,4.90679768967053,6.69557624553812,5.15349979060014,5.11172347421166,4.98746318612868,4.2841067508112,5.08703733595807,5.44850735375754,5.414193214341,5.13012815952911,5.94399753850968,6.10975132847531,5.36464391532095,4.78777624957678,5.45167197981443,5.23029321532759,5.80958508104253,5.42061954589394,5.8133500286346,5.14540730818475,4.39954411333905,4.24965321391734,5.9375261554079,6.10098777379438,5.99999954164307,4.62607887959116,4.69336956459574,5.33082122394817,5.86692900408259,5.28465264743006,5.18322134338547,4.37065491898241,5.88268343190091,5.03619895882735,5.31972880471976,5.71737860749734,6.04444013930984,5.11736382650123,5.65662536835786,5.16429326874529,5.62438721068092,4.61564787895659,5.69106015229939,4.96786710321691,5.04790723085001,5.61385129524682,5.02507512316671,5.06402858872291,5.9285322752361,4.93724078215403,4.99622199914797,4.65598465153426,5.42257962287853,5.65599446779063,5.84398437762309,5.1743327340513,5.28546432012562,4.89661690219881,5.5151665443941,5.5344320949512,4.8900146490825,5.65392760296323,5.00652942612687,5.41462437891274,5.29412285598661,5.45869643289455,4.65305593386429,5.4034562600514,6.04403423334336,4.93361837957486,5.41506752436949,5.39847597242044,5.09771539147367,5.04565997309147,5.43912035784953,4.75437140875625,5.37788204793727,5.57605301313778,4.53123373621049,5.59430034153371,5.45422063891243,5.11321631826206,5.04569425949882,5.50438739510885,5.78805669586505,5.35007994192649,6.32600936761018,4.57519239484816,5.95977041453587,5.62514803673947,4.87254618807869,5.27669285886769,6.05836021130601,6.05618606849404,5.71795361756265,5.50748537745112,5.8462989272838,5.22656577460763,5.58056835644108,5.26461874085666,3.40532472423916,4.17160853511636,4.64635099311665,5.48260685638884,6.07159944771113,4.98612900718014,4.30483055510834,5.64854847161196,4.45291298764168,5.65345436589573,5.13414830201629,5.49906427221483,5.74769167422008,5.1993142671596,4.76323868574605,4.15603277715283,4.24812106159619,4.34368959492519,3.36010654900593,5.6526668355495,5.59540578253001,5.43439968870881,5.11542248150866,5.055134770444,6.37545729376208,4.92955372126414,5.84401495906053,5.52814085253404,4.99687839589488,6.28962686654666,5.55764906851037,5.75778072454599,5.88425989355787,5.00568099746218,5.46468000229604,5.23540281195785,5.83918398030504,5.18866693944481,4.73483855451964,5.5673709756827,4.56278160330826,5.49512349021404,5.74220737917298,4.76743234720069,5.6838171223051,5.19047521239716,5.51607818991961,5.4399803883684,5.38160697311892,5.37317483995351,5.8560968587768,5.17092983982769,6.77988633486727,5.75046418900132,5.69576198823569,5.65154620057716,5.36312088874619,5.39423530910171,5.35469262644389,4.01544534056252,5.4809394880891,5.37653625916658,5.57303040991661,5.64716016360109,5.32980574614185,5.8476297874671,5.54955428724408,5.61880641447469,5.66647764047713,5.07516109188344,6.23247734072118,5.70215477282821,4.97646345115295,5.33449224660833,5.02323841297635,5.10017894810396,4.72675454696659,5.7153335505907,5.83834498743145,5.86793210351304,5.32123526318693,6.3125847336794,5.5300631632846,6.02653362367753,5.46527967142101,5.52625961645833,5.92408585190994,5.87832546357449,5.67887787212697,4.94742998049942,5.53128105133773,5.45145415445914,5.77716415245453,5.48280281127536,5.19776206481258,5.58858058346605,4.44906915885053,4.04766522591129,6.03166794807161
